<svg width="1484" height="810" viewBox="0 0 1484 810" fill="none" xmlns="http://www.w3.org/2000/svg">
<rect width="1483.36" height="809.015" fill="#0087AE"/>
<mask id="mask0_333_179" style="mask-type:alpha" maskUnits="userSpaceOnUse" x="0" y="0" width="1484" height="810">
<rect width="1483.36" height="809.015" fill="#C4C4C4"/>
</mask>
<g mask="url(#mask0_333_179)">
<rect width="1483.36" height="809.341" fill="url(#paint0_linear_333_179)"/>
<g style="mix-blend-mode:multiply">
<path d="M14.3513 -96.1697L-906.053 790.178H-335.495L584.52 -95.795L584.13 -96.1697H14.3513Z" fill="url(#paint1_linear_333_179)" fill-opacity="0.2"/>
</g>
<g style="mix-blend-mode:multiply">
<path d="M1562.6 -164.579L539.785 820.912H1173.83L2196.21 -164.162L2195.77 -164.579H1562.6Z" fill="url(#paint2_linear_333_179)" fill-opacity="0.6"/>
</g>
</g>
<defs>
<linearGradient id="paint0_linear_333_179" x1="1011.26" y1="-0.000713965" x2="-194.139" y2="250.837" gradientUnits="userSpaceOnUse">
<stop stop-color="#0FA4CF"/>
<stop offset="0.729167" stop-color="#0087AE"/>
</linearGradient>
<linearGradient id="paint1_linear_333_179" x1="-53.9676" y1="-96.1697" x2="-53.9676" y2="539.76" gradientUnits="userSpaceOnUse">
<stop stop-color="#0087AE"/>
<stop offset="1" stop-color="#0087AE" stop-opacity="0"/>
</linearGradient>
<linearGradient id="paint2_linear_333_179" x1="1560.85" y1="-164.579" x2="1560.85" y2="542.483" gradientUnits="userSpaceOnUse">
<stop stop-color="#0087AE"/>
<stop offset="1" stop-color="#0087AE" stop-opacity="0"/>
</linearGradient>
</defs>
</svg>
