<svg xmlns="http://www.w3.org/2000/svg" xmlns:xlink="http://www.w3.org/1999/xlink" viewBox="0 0 40 40" width="64" height="64">
  <style type="text/css">
    .anim {
    animation-name: blink;
    animation-duration: 1s;
    animation-iteration-count: infinite;
    fill: #05E9F5;
    transition-timing-function: linear;
    }
    @keyframes blink {
    0% {
    opacity: 0
    }
    50% {
    opacity: 1
    }
    75% {
    opacity: 1
    }
    100% {
    opacity: 1
    }
    }
    .delay1 {
    animation-delay: 0s;
    }
    .delay2 {
    animation-delay: .125s;
    }
    .delay3 {
    animation-delay: .25s;
    }
    .delay4 {
    animation-delay: .375s;
    }
    .delay5 {
    animation-delay: .5s;
    }
    .delay6 {
    animation-delay: .675s;
    }
    .delay7 {
    animation-delay: .75s;
    }
    .delay8 {
    animation-delay: .875s;
    }
  </style>
  <circle class="delay1 anim" cx="20" cy="8" r="3" />
  <circle class="delay5 anim" cx="20" cy="32" r="3" />
  <circle class="delay2 anim" cx="28.49" cy="11.51" r="3" />
  <circle class="delay6 anim" cx="11.51" cy="28.49" r="3" />
  <circle class="delay3 anim" cx="32" cy="20" r="3" />
  <circle class="delay7 anim" cx="8" cy="20" r="3" />
  <circle class="delay4 anim" cx="28.49" cy="28.49" r="3" />
  <circle class="delay8 anim" cx="11.51" cy="11.51" r="3" />
</svg>